# index, label, _pos
0,0,"array([5.36085462, 7.19186685])"
1,1,"array([5.34910725, 7.06243187])"
2,2,"array([5.34758375, 7.31225033])"
3,3,"array([5.30874837, 7.23785795])"
4,4,"array([5.26164631, 7.13106944])"
5,5,"array([5.289414  , 7.36128153])"
6,6,"array([5.32478323, 7.42744998])"
7,7,"array([5.20093054, 7.42833979])"
8,8,"array([5.2790536, 7.5507184])"
9,9,"array([5.26901962, 7.31464981])"
10,10,"array([4.54512717, 6.51964353])"
11,11,"array([4.63285536, 6.58637678])"
12,12,"array([4.46908726, 6.58584813])"
13,13,"array([4.51424848, 6.40335275])"
14,14,"array([4.61976718, 6.69061435])"
15,15,"array([4.73328043, 6.55796223])"
16,16,"array([4.67714995, 6.79766301])"
17,17,"array([4.51344498, 6.68977233])"
18,18,"array([4.445554 , 6.7850537])"
19,19,"array([4.35391784, 6.55214079])"
20,20,"array([4.60053504, 6.10599964])"
21,21,"array([4.71843105, 6.14127457])"
22,22,"array([4.56258242, 6.00441299])"
23,23,"array([4.51369487, 6.16354349])"
24,24,"array([4.77076605, 6.06690152])"
25,25,"array([4.77946828, 6.24759844])"
26,26,"array([4.87997369, 6.11569439])"
27,27,"array([4.66886364, 5.99066943])"
28,28,"array([4.62786975, 5.89811157])"
29,29,"array([4.43437658, 5.95675289])"
30,30,"array([4.33094662, 7.20110471])"
31,31,"array([4.43430443, 7.18781809])"
32,32,"array([4.28382574, 7.10781334])"
33,33,"array([4.2740237 , 7.30195201])"
34,34,"array([4.50757543, 7.27459638])"
35,35,"array([4.44694352, 7.08252822])"
36,36,"array([4.54347606, 7.02924748])"
37,37,"array([4.35263255, 7.03498479])"
38,38,"array([4.32234889, 6.92412331])"
39,39,"array([4.16654353, 7.08652487])"
40,40,"array([4.30029449, 8.32703978])"
41,41,"array([4.4049959 , 8.26751152])"
42,42,"array([4.25275234, 8.41555743])"
43,43,"array([4.21444869, 8.28337094])"
44,44,"array([4.52240228, 8.27179361])"
45,45,"array([4.39121237, 8.1856585 ])"
46,46,"array([4.47791435, 8.09748962])"
47,47,"array([4.27577932, 8.19561746])"
48,48,"array([4.21709073, 8.1090249 ])"
49,49,"array([4.0827473 , 8.29006473])"
50,50,"array([4.37235007, 7.79816755])"
51,51,"array([4.33148908, 7.68921328])"
52,52,"array([4.48082635, 7.81959771])"
53,53,"array([4.29881852, 7.88487694])"
54,54,"array([4.56400207, 7.7315932 ])"
55,55,"array([4.46600592, 7.92508143])"
56,56,"array([4.56583822, 7.96563868])"
57,57,"array([4.35948897, 7.96570789])"
58,58,"array([4.30019819, 8.06717552])"
59,59,"array([4.17462092, 7.88581599])"
60,60,"array([2.46444913, 7.04029226])"
61,61,"array([2.51261527, 6.99547914])"
62,62,"array([2.47948778, 6.91888491])"
63,63,"array([2.47706248, 7.17010861])"
64,64,"array([2.50099381, 6.80334314])"
65,65,"array([2.56179835, 6.91012644])"
66,66,"array([2.53058188, 6.87250789])"
67,67,"array([2.5485933 , 6.67910599])"
68,68,"array([2.61928714, 6.80730203])"
69,69,"array([2.55755065, 7.10430975])"
70,70,"array([3.36278527, 7.58357298])"
71,71,"array([3.47669431, 7.62161889])"
72,72,"array([3.28284754, 7.65516506])"
73,73,"array([3.31569785, 7.49027936])"
74,74,"array([3.37551934, 7.39808158])"
75,75,"array([3.2103618 , 7.49074895])"
76,76,"array([3.14955433, 7.39220685])"
77,77,"array([3.18991189, 7.59327199])"
78,78,"array([3.08848929, 7.61807714])"
79,79,"array([3.31345645, 7.7647928 ])"
80,80,"array([3.5046845 , 6.40254935])"
81,81,"array([3.62784378, 6.39617003])"
82,82,"array([3.44995117, 6.31557271])"
83,83,"array([3.43428536, 6.47646022])"
84,84,"array([3.51208869, 6.22030442])"
85,85,"array([3.34479154, 6.35186696])"
86,86,"array([3.25448319, 6.30197181])"
87,87,"array([3.33344488, 6.45226055])"
88,88,"array([3.24852066, 6.52877797])"
89,89,"array([3.47015387, 6.57512248])"
90,90,"array([3.62146547, 5.90300596])"
91,91,"array([3.75158817, 5.88325483])"
92,92,"array([3.55726418, 5.98547348])"
93,93,"array([3.53198165, 5.85454797])"
94,94,"array([3.6180557, 6.0738251])"
95,95,"array([3.44430654, 6.00173533])"
96,96,"array([3.42144272, 5.91180317])"
97,97,"array([3.35418587, 6.09074593])"
98,98,"array([3.30483628, 5.93055346])"
99,99,"array([3.5725703, 5.7739983])"
100,100,"array([3.54062914, 7.13512101])"
101,101,"array([3.65693429, 7.15477435])"
102,102,"array([3.49759957, 7.03430509])"
103,103,"array([3.46956897, 7.2157012 ])"
104,104,"array([3.50017359, 7.33323162])"
105,105,"array([3.37743803, 7.15627339])"
106,106,"array([3.39611473, 7.04928071])"
107,107,"array([3.28603952, 7.22155802])"
108,108,"array([3.3271488 , 6.95739029])"
109,109,"array([3.55619555, 6.9269652 ])"
110,110,"array([3.25207815, 8.27476989])"
111,111,"array([3.38006966, 8.32557995])"
112,112,"array([3.20108783, 8.17694603])"
113,113,"array([3.1425562 , 8.27844453])"
114,114,"array([3.04461307, 8.19589295])"
115,115,"array([3.18901779, 8.3456259 ])"
116,116,"array([3.08526413, 8.11851125])"
117,117,"array([2.93904242, 8.13078167])"
118,118,"array([3.02603667, 8.00672644])"
119,119,"array([3.29684307, 8.12505689])"
120,120,"array([5.32448236, 6.93991623])"
121,121,"array([5.2945044 , 6.80662444])"
122,122,"array([5.26022396, 6.99456472])"
123,123,"array([5.2382086 , 6.68969534])"
124,124,"array([5.19110884, 6.55556077])"
125,125,"array([5.17223226, 6.75655324])"
126,126,"array([5.1103997 , 6.44991366])"
127,127,"array([5.04872701, 6.32031744])"
128,128,"array([5.05153668, 6.52941489])"
129,129,"array([4.95358381, 6.23320153])"
130,130,"array([4.89464278, 6.3175628 ])"
131,131,"array([4.71113148, 6.43224789])"
132,132,"array([4.60915527, 6.35184201])"
133,133,"array([4.82289467, 6.4135199 ])"
134,134,"array([4.79111645, 6.29171975])"
135,135,"array([4.67748455, 6.19673943])"
136,136,"array([4.8885891, 6.2608753])"
137,137,"array([4.83646945, 6.14263734])"
138,138,"array([4.72439412, 6.04611421])"
139,139,"array([4.93397588, 6.14333235])"
140,140,"array([4.85401757, 6.04286407])"
141,141,"array([4.74047041, 5.95247996])"
142,142,"array([4.81450829, 6.66197131])"
143,143,"array([4.78808547, 6.79096336])"
144,144,"array([4.92861663, 6.6515202 ])"
145,145,"array([4.98740118, 6.77577426])"
146,146,"array([4.96040231, 6.90500667])"
147,147,"array([5.08970555, 6.7603413 ])"
148,148,"array([5.14130296, 6.89301096])"
149,149,"array([5.1152457, 7.0293236])"
150,150,"array([5.2449832 , 6.90394678])"
151,151,"array([5.27887033, 7.04536115])"
152,152,"array([5.24987463, 7.18029922])"
153,153,"array([5.24289229, 6.76606128])"
154,154,"array([5.1874655 , 6.62929028])"
155,155,"array([5.09399118, 6.61856128])"
156,156,"array([5.01387909, 6.4974535 ])"
157,157,"array([4.9189741, 6.5193146])"
158,158,"array([5.15901321, 6.49845333])"
159,159,"array([5.0839857 , 6.37286958])"
160,160,"array([4.98939448, 6.36845454])"
161,161,"array([5.02828546, 6.25423765])"
162,162,"array([5.19097749, 6.89309588])"
163,163,"array([5.08227859, 6.66583121])"
164,164,"array([4.94491313, 6.4449123 ])"
165,165,"array([4.53063552, 6.91140945])"
166,166,"array([4.61945697, 6.84358397])"
167,167,"array([4.41278693, 6.8549763 ])"
168,168,"array([4.58433241, 6.72128167])"
169,169,"array([4.68608883, 6.64949009])"
170,170,"array([4.46367004, 6.65938409])"
171,171,"array([4.65077565, 6.51788978])"
172,172,"array([4.74963564, 6.45080835])"
173,173,"array([4.52322151, 6.46177649])"
174,174,"array([4.69850815, 6.32573648])"
175,175,"array([4.57033441, 6.27842751])"
176,176,"array([4.63510016, 7.10209338])"
177,177,"array([4.73384786, 7.04503878])"
178,178,"array([4.61546707, 7.22790851])"
179,179,"array([4.82057823, 7.12752619])"
180,180,"array([4.92351199, 7.0750016 ])"
181,181,"array([4.80814501, 7.26115163])"
182,182,"array([5.00713513, 7.17338401])"
183,183,"array([5.10239515, 7.10497897])"
184,184,"array([4.97436593, 7.31337607])"
185,185,"array([5.17707814, 7.20560622])"
186,186,"array([5.15059316, 7.33900903])"
187,187,"array([5.1044346 , 6.96233467])"
188,188,"array([5.01736808, 6.867024  ])"
189,189,"array([4.92136151, 6.93936244])"
190,190,"array([4.82307338, 6.85206876])"
191,191,"array([4.72617605, 6.91581684])"
192,192,"array([4.99514945, 6.72658654])"
193,193,"array([4.88669337, 6.6480951 ])"
194,194,"array([4.79838525, 6.72036017])"
195,195,"array([4.85757732, 6.51732256])"
196,196,"array([5.04872933, 7.40501968])"
197,197,"array([4.87303135, 7.36405224])"
198,198,"array([4.69609972, 7.31800087])"
199,199,"array([4.43005267, 7.99842977])"
200,200,"array([4.51145011, 7.88981493])"
201,201,"array([4.297399  , 8.01073573])"
202,202,"array([4.44489356, 7.78827115])"
203,203,"array([4.5227229, 7.6846201])"
204,204,"array([4.31206312, 7.80994956])"
205,205,"array([4.46399218, 7.58690389])"
206,206,"array([4.53063368, 7.47954397])"
207,207,"array([4.3324966 , 7.60460898])"
208,208,"array([4.46428835, 7.39319504])"
209,209,"array([4.33853968, 7.40134776])"
210,210,"array([4.60563865, 8.07379849])"
211,211,"array([4.69341882, 7.96925985])"
212,212,"array([4.63155913, 8.18097053])"
213,213,"array([4.82389048, 7.93807877])"
214,214,"array([4.90180404, 7.82308717])"
215,215,"array([4.85863736, 8.0338949 ])"
216,216,"array([5.01337119, 7.76601563])"
217,217,"array([5.05110681, 7.86113689])"
218,218,"array([5.06783377, 7.63577077])"
219,219,"array([5.16377474, 7.56131938])"
220,220,"array([5.2087826 , 7.65045972])"
221,221,"array([5.00974762, 7.53632578])"
222,222,"array([4.89725151, 7.59504364])"
223,223,"array([4.84259007, 7.72341635])"
224,224,"array([4.72107771, 7.75759197])"
225,225,"array([4.63676629, 7.86493245])"
226,226,"array([4.83111569, 7.4976085 ])"
227,227,"array([4.70905742, 7.54482913])"
228,228,"array([4.65111857, 7.66027334])"
229,229,"array([4.65073006, 7.44192727])"
230,230,"array([5.1452866 , 7.77588465])"
231,231,"array([4.97253376, 7.98131686])"
232,232,"array([4.75391716, 8.13936461])"
233,233,"array([4.5225544 , 8.07727762])"
234,234,"array([4.61864418, 8.12421636])"
235,235,"array([4.39257965, 8.12932128])"
236,236,"array([4.55744392, 8.23637798])"
237,237,"array([4.65206389, 8.26868545])"
238,238,"array([4.42205085, 8.3038055 ])"
239,239,"array([4.56150617, 8.36143991])"
240,240,"array([4.62674671, 8.32822634])"
241,241,"array([4.42431873, 8.42184401])"
242,242,"array([4.50330723, 8.3663862 ])"
243,243,"array([4.37347469, 8.42806945])"
244,244,"array([4.6724858 , 7.88411451])"
245,245,"array([4.66989796, 7.75678445])"
246,246,"array([4.76707822, 7.91182705])"
247,247,"array([4.85679853, 7.80398377])"
248,248,"array([4.86865795, 7.66917843])"
249,249,"array([4.96336992, 7.8250798 ])"
250,250,"array([5.05253404, 7.70637394])"
251,251,"array([5.06067319, 7.5681609 ])"
252,252,"array([5.14977042, 7.70911355])"
253,253,"array([5.22095252, 7.58627826])"
254,254,"array([5.23197534, 7.45504325])"
255,255,"array([5.11089575, 7.83422542])"
256,256,"array([5.02383401, 7.95113742])"
257,257,"array([4.92692166, 7.95505068])"
258,258,"array([4.8260972 , 8.06909538])"
259,259,"array([4.73149386, 8.04093762])"
260,260,"array([4.95317909, 8.05913114])"
261,261,"array([4.85050124, 8.16462868])"
262,262,"array([4.77223762, 8.18685542])"
263,263,"array([4.74485173, 8.2386018 ])"
264,264,"array([5.1503602 , 7.16507876])"
265,265,"array([5.00803247, 7.03216579])"
266,266,"array([4.84667862, 6.91331933])"
267,267,"array([4.53664701, 7.6082589 ])"
268,268,"array([4.61804737, 7.50553651])"
269,269,"array([4.41041229, 7.58993593])"
270,270,"array([4.57413053, 7.38013807])"
271,271,"array([4.65055788, 7.27280097])"
272,272,"array([4.44365835, 7.35886181])"
273,273,"array([4.60347159, 7.14850581])"
274,274,"array([4.67158718, 7.03236643])"
275,275,"array([4.47968851, 7.13459956])"
276,276,"array([4.61848264, 6.91330336])"
277,277,"array([4.49087631, 6.90038551])"
278,278,"array([4.75768152, 7.65042796])"
279,279,"array([4.94963304, 7.55309023])"
280,280,"array([5.12753134, 7.44180499])"
281,281,"array([5.10619043, 7.29887009])"
282,282,"array([5.00312637, 7.28759318])"
283,283,"array([4.93436069, 7.41735916])"
284,284,"array([4.81461045, 7.40884953])"
285,285,"array([4.74281384, 7.51817215])"
286,286,"array([4.95694497, 7.16156502])"
287,287,"array([4.84296512, 7.16866459])"
288,288,"array([4.7711556 , 7.28663413])"
289,289,"array([4.79766814, 7.03769417])"
290,290,"array([4.57391426, 6.22918117])"
291,291,"array([4.62836528, 6.07221161])"
292,292,"array([4.65428395, 5.94056792])"
293,293,"array([3.82123616, 5.80316028])"
294,294,"array([3.96280424, 5.8083271 ])"
295,295,"array([3.7106032 , 5.75289285])"
296,296,"array([4.05020836, 5.75740825])"
297,297,"array([4.19347242, 5.78250191])"
298,298,"array([3.93237069, 5.71298823])"
299,299,"array([4.28234802, 5.7600668 ])"
300,300,"array([4.42304759, 5.80117313])"
301,301,"array([4.16104274, 5.74679741])"
302,302,"array([4.49575742, 5.8392834 ])"
303,303,"array([4.37722344, 5.85702231])"
304,304,"array([3.82820994, 5.96831374])"
305,305,"array([3.9660747 , 5.96967897])"
306,306,"array([3.75051491, 6.05888982])"
307,307,"array([4.03223465, 6.0720782 ])"
308,308,"array([4.16905737, 6.09128476])"
309,309,"array([3.94973825, 6.16166918])"
310,310,"array([4.22481967, 6.2035916 ])"
311,311,"array([4.35435156, 6.23736959])"
312,312,"array([4.13919891, 6.2894396 ])"
313,313,"array([4.39794175, 6.3547806 ])"
314,314,"array([4.31316101, 6.43359742])"
315,315,"array([4.44895059, 6.17158949])"
316,316,"array([4.39698803, 6.0576022 ])"
317,317,"array([4.26093865, 6.01713181])"
318,318,"array([4.19143135, 5.915169  ])"
319,319,"array([4.05147007, 5.89205586])"
320,320,"array([4.49643983, 6.00759238])"
321,321,"array([4.42562694, 5.90370699])"
322,322,"array([4.28767132, 5.86075997])"
323,323,"array([4.52459533, 5.87697648])"
324,324,"array([4.32329019, 6.76642793])"
325,325,"array([4.27979732, 6.64543347])"
326,326,"array([4.25320599, 6.86984971])"
327,327,"array([4.12552305, 6.85402331])"
328,328,"array([4.08162725, 6.72933824])"
329,329,"array([4.05285207, 6.96494909])"
330,330,"array([3.92347989, 6.95128348])"
331,331,"array([3.87828006, 6.82804104])"
332,332,"array([3.85123116, 7.06319767])"
333,333,"array([3.72610182, 7.04806845])"
334,334,"array([3.67911447, 6.93205929])"
335,335,"array([4.20470479, 7.67810962])"
336,336,"array([4.16120821, 7.56413261])"
337,337,"array([4.12545672, 7.77931851])"
338,338,"array([4.0322476 , 7.55000016])"
339,339,"array([3.98913878, 7.43300617])"
340,340,"array([3.95195227, 7.65533233])"
341,341,"array([3.86138752, 7.4142117 ])"
342,342,"array([3.82041915, 7.29428853])"
343,343,"array([3.7815455 , 7.51723958])"
344,344,"array([3.69703453, 7.2723749 ])"
345,345,"array([3.61932116, 7.37090331])"
346,346,"array([4.36865978, 7.4697812 ])"
347,347,"array([4.39952729, 7.24344935])"
348,348,"array([4.42691837, 7.00900144])"
349,349,"array([4.29677224, 6.99488217])"
350,350,"array([4.2225794 , 7.10517644])"
351,351,"array([4.2690023 , 7.22893321])"
352,352,"array([4.19437079, 7.33972785])"
353,353,"array([4.23985685, 7.45744536])"
354,354,"array([4.09393838, 7.09031331])"
355,355,"array([4.02088794, 7.20239063])"
356,356,"array([4.06573401, 7.32466246])"
357,357,"array([3.89469096, 7.18597455])"
358,358,"array([4.18675548, 6.4069342 ])"
359,359,"array([4.00728062, 6.27324536])"
360,360,"array([3.81519814, 6.15945759])"
361,361,"array([3.50066415, 6.82118043])"
362,362,"array([3.56833538, 6.7080056 ])"
363,363,"array([3.37938477, 6.83622695])"
364,364,"array([3.51188759, 6.60084983])"
365,365,"array([3.58459103, 6.4831919 ])"
366,366,"array([3.3767388 , 6.61762824])"
367,367,"array([3.5275892 , 6.36995893])"
368,368,"array([3.60248463, 6.26601901])"
369,369,"array([3.39012736, 6.39685524])"
370,370,"array([3.53785465, 6.16675096])"
371,371,"array([3.40382062, 6.1899499 ])"
372,372,"array([3.74922087, 6.82039083])"
373,373,"array([3.95191805, 6.7164633 ])"
374,374,"array([4.15389996, 6.62480785])"
375,375,"array([4.10964603, 6.50230928])"
376,376,"array([3.97954516, 6.48875419])"
377,377,"array([3.90468738, 6.5941377 ])"
378,378,"array([3.77229139, 6.59043333])"
379,379,"array([3.69917987, 6.70334656])"
380,380,"array([3.92850416, 6.37054514])"
381,381,"array([3.79515663, 6.36738157])"
382,382,"array([3.72028551, 6.47346225])"
383,383,"array([3.73694722, 6.25603283])"
384,384,"array([4.47438559, 6.34177015])"
385,385,"array([4.42525765, 6.53361288])"
386,386,"array([4.37448211, 6.7338169 ])"
387,387,"array([3.67613939, 6.49980886])"
388,388,"array([3.80702565, 6.50755984])"
389,389,"array([3.59536102, 6.58611862])"
390,390,"array([3.85555922, 6.61947258])"
391,391,"array([3.98535293, 6.63806668])"
392,392,"array([3.77429657, 6.70836397])"
393,393,"array([4.03160717, 6.75345116])"
394,394,"array([4.15878729, 6.77852756])"
395,395,"array([3.9511924 , 6.84146723])"
396,396,"array([4.20114389, 6.89375411])"
397,397,"array([4.12196253, 6.97770335])"
398,398,"array([3.70468418, 6.30426773])"
399,399,"array([3.83786439, 6.30682538])"
400,400,"array([3.64263126, 6.20481921])"
401,401,"array([3.92332179, 6.21809316])"
402,402,"array([4.06079195, 6.23247859])"
403,403,"array([3.86122859, 6.11229715])"
404,404,"array([4.15269008, 6.1530798 ])"
405,405,"array([4.28830123, 6.18391497])"
406,406,"array([4.09330945, 6.04468054])"
407,407,"array([4.38481509, 6.11746006])"
408,408,"array([4.33060376, 6.0081247 ])"
409,409,"array([4.34173008, 6.29866668])"
410,410,"array([4.2480343 , 6.37523767])"
411,411,"array([4.11404451, 6.34683978])"
412,412,"array([4.02479692, 6.43252908])"
413,413,"array([3.89118465, 6.4174456 ])"
414,414,"array([4.29575752, 6.49447834])"
415,415,"array([4.20434761, 6.57595915])"
416,416,"array([4.07234896, 6.55031791])"
417,417,"array([4.24780973, 6.69683409])"
418,418,"array([4.19191658, 5.97569918])"
419,419,"array([3.95221267, 6.03016989])"
420,420,"array([3.72161466, 6.1130009 ])"
421,421,"array([3.44580115, 5.78129794])"
422,422,"array([3.51579333, 5.76358935])"
423,423,"array([3.31466401, 5.84059756])"
424,424,"array([3.40423336, 5.8346779 ])"
425,425,"array([3.49566801, 5.88872066])"
426,426,"array([3.26355289, 5.88921504])"
427,427,"array([3.40236209, 5.98161261])"
428,428,"array([3.50211816, 6.04570699])"
429,429,"array([3.26767648, 6.03340603])"
430,430,"array([3.43129847, 6.14236939])"
431,431,"array([3.30254316, 6.19169668])"
432,432,"array([3.78606256, 5.7109183 ])"
433,433,"array([4.01312211, 5.73018679])"
434,434,"array([4.23632793, 5.82317832])"
435,435,"array([4.12614339, 5.87612746])"
436,436,"array([3.98027736, 5.86292762])"
437,437,"array([3.89986981, 5.78060101])"
438,438,"array([3.75261599, 5.7868163 ])"
439,439,"array([3.6615148 , 5.73519814])"
440,440,"array([3.88048227, 5.93339448])"
441,441,"array([3.73350689, 5.93692356])"
442,442,"array([3.64809803, 5.85774448])"
443,443,"array([3.64551193, 6.02210564])"
444,444,"array([4.27037924, 7.50611008])"
445,445,"array([4.2545724 , 7.70945384])"
446,446,"array([4.23395368, 7.91450388])"
447,447,"array([3.5196554, 7.7334775])"
448,448,"array([3.6454272 , 7.76658092])"
449,449,"array([3.43257236, 7.81402489])"
450,450,"array([3.69493655, 7.87839313])"
451,451,"array([3.82828343, 7.9011811 ])"
452,452,"array([3.60798982, 7.96611149])"
453,453,"array([3.88645701, 8.00760611])"
454,454,"array([4.02071695, 8.01668168])"
455,455,"array([3.80184642, 8.09866879])"
456,456,"array([4.08462168, 8.11353733])"
457,457,"array([4.00643547, 8.20651418])"
458,458,"array([3.55319791, 7.53035175])"
459,459,"array([3.67711607, 7.55862047])"
460,460,"array([3.50153012, 7.41986294])"
461,461,"array([3.75450913, 7.45977327])"
462,462,"array([3.88186208, 7.48001224])"
463,463,"array([3.7042924 , 7.34515861])"
464,464,"array([3.95548359, 7.3765751 ])"
465,465,"array([4.08212482, 7.39321883])"
466,466,"array([3.90339726, 7.2631138 ])"
467,467,"array([4.15088619, 7.29061894])"
468,468,"array([4.09795843, 7.18151048])"
469,469,"array([4.14013315, 7.50112045])"
470,470,"array([4.06549701, 7.60511075])"
471,471,"array([3.93508675, 7.59269596])"
472,472,"array([3.85666813, 7.69344833])"
473,473,"array([3.72721048, 7.67198453])"
474,474,"array([4.12267166, 7.71113052])"
475,475,"array([4.04333516, 7.8138157 ])"
476,476,"array([3.91107344, 7.80441495])"
477,477,"array([4.10135655, 7.91787752])"
478,478,"array([3.97478804, 7.16104023])"
479,479,"array([3.77755941, 7.24297664])"
480,480,"array([3.57772091, 7.3236948 ])"
481,481,"array([3.39419761, 6.66752873])"
482,482,"array([3.27540901, 6.64222609])"
483,483,"array([3.43869193, 6.77590869])"
484,484,"array([3.3569437 , 6.87444913])"
485,485,"array([3.23513047, 6.85306813])"
486,486,"array([3.41392843, 6.98235657])"
487,487,"array([3.33597809, 7.08629195])"
488,488,"array([3.3981508 , 7.20118252])"
489,489,"array([3.21148156, 7.07351438])"
490,490,"array([3.32355833, 7.29409965])"
491,491,"array([3.20233056, 7.28626804])"
492,492,"array([3.64464464, 6.69213684])"
493,493,"array([3.82452117, 6.81830504])"
494,494,"array([3.99925931, 6.95379229])"
495,495,"array([3.92545538, 7.04847524])"
496,496,"array([3.80060854, 7.02672363])"
497,497,"array([3.74957256, 6.91370288])"
498,498,"array([3.62129614, 6.89526494])"
499,499,"array([3.56653947, 6.78627044])"
500,500,"array([3.72800672, 7.12737212])"
501,501,"array([3.6011102 , 7.10814775])"
502,502,"array([3.54585229, 6.99485829])"
503,503,"array([3.527373  , 7.21214745])"
504,504,"array([4.30687551, 8.47730435])"
505,505,"array([4.32848295, 8.38863875])"
506,506,"array([4.32285326, 8.23685157])"
507,507,"array([3.48690474, 8.27947172])"
508,508,"array([3.62502363, 8.31443284])"
509,509,"array([3.42782069, 8.17622544])"
510,510,"array([3.72390745, 8.2446599 ])"
511,511,"array([3.86550575, 8.26373496])"
512,512,"array([3.660371  , 8.14125367])"
513,513,"array([3.95172549, 8.17519889])"
514,514,"array([4.0912335 , 8.17699502])"
515,515,"array([3.88676611, 8.07532661])"
516,516,"array([4.16683129, 8.07994725])"
517,517,"array([4.10038369, 7.98590306])"
518,518,"array([3.44336486, 8.40638861])"
519,519,"array([3.58312057, 8.43861883])"
520,520,"array([3.31966713, 8.40111992])"
521,521,"array([3.65642139, 8.49283811])"
522,522,"array([3.80289178, 8.51012197])"
523,523,"array([3.53914743, 8.45765301])"
524,524,"array([3.88546727, 8.50387028])"
525,525,"array([4.03314665, 8.50512502])"
526,526,"array([3.78083457, 8.43921539])"
527,527,"array([4.11349707, 8.43627534])"
528,528,"array([4.01055166, 8.37589298])"
529,529,"array([4.16028605, 8.50599252])"
530,530,"array([4.07471204, 8.47816523])"
531,531,"array([3.92724014, 8.48194418])"
532,532,"array([3.84274938, 8.41948353])"
533,533,"array([3.69855583, 8.40152056])"
534,534,"array([4.17968591, 8.41427173])"
535,535,"array([4.08924003, 8.34875718])"
536,536,"array([3.9439711 , 8.35076399])"
537,537,"array([4.17464657, 8.25648131])"
538,538,"array([3.86910635, 8.19801669])"
539,539,"array([3.66612671, 8.07371917])"
540,540,"array([3.47906747, 7.92681109])"
541,541,"array([3.08930913, 8.2724096 ])"
542,542,"array([2.9766533, 8.1853113])"
543,543,"array([3.18695935, 8.25805787])"
544,544,"array([3.121811  , 8.15084598])"
545,545,"array([3.00101887, 8.06753224])"
546,546,"array([3.21693704, 8.10610758])"
547,547,"array([3.16366285, 7.99050294])"
548,548,"array([3.25996558, 7.93715632])"
549,549,"array([3.04876948, 7.90850625])"
550,550,"array([3.21697536, 7.81993287])"
551,551,"array([3.10810446, 7.74135199])"
552,552,"array([3.39911203, 8.41595871])"
553,553,"array([3.63674819, 8.41435715])"
554,554,"array([3.86863971, 8.36765952])"
555,555,"array([3.78457094, 8.28167428])"
556,556,"array([3.64394912, 8.25463609])"
557,557,"array([3.55165656, 8.32365969])"
558,558,"array([3.41407292, 8.2771084 ])"
559,559,"array([3.31545546, 8.32450072])"
560,560,"array([3.57537356, 8.15235973])"
561,561,"array([3.44136028, 8.1084692 ])"
562,562,"array([3.34543465, 8.17075356])"
563,563,"array([3.38479083, 7.99724516])"
564,564,"array([3.99715705, 7.76999634])"
565,565,"array([3.82321562, 7.63691131])"
566,566,"array([3.6552455 , 7.49123819])"
567,567,"array([3.24322475, 8.01108621])"
568,568,"array([3.33990664, 7.94450118])"
569,569,"array([3.11696539, 7.94739064])"
570,570,"array([3.2942    , 7.82560499])"
571,571,"array([3.3915986 , 7.75012087])"
572,572,"array([3.17152218, 7.7624876 ])"
573,573,"array([3.35415601, 7.62813299])"
574,574,"array([3.44714903, 7.54330209])"
575,575,"array([3.23645046, 7.55961001])"
576,576,"array([3.41835496, 7.41752324])"
577,577,"array([3.30210187, 7.35421983])"
578,578,"array([3.52471934, 8.1060068 ])"
579,579,"array([3.75043019, 8.05631487])"
580,580,"array([3.9685449 , 7.97988855])"
581,581,"array([3.91594377, 7.87056308])"
582,582,"array([3.78364914, 7.85168458])"
583,583,"array([3.69656717, 7.945286  ])"
584,584,"array([3.56434303, 7.91262979])"
585,585,"array([3.46993362, 7.99313755])"
586,586,"array([3.73828115, 7.73586591])"
587,587,"array([3.6101871 , 7.70695806])"
588,588,"array([3.51920032, 7.79564197])"
589,589,"array([3.57069997, 7.58642748])"
590,590,"array([2.55194192, 7.18070809])"
591,591,"array([2.58066111, 7.04517057])"
592,592,"array([2.58749912, 7.31745623])"
593,593,"array([2.68548637, 7.32358713])"
594,594,"array([2.71310139, 7.18935677])"
595,595,"array([2.74669998, 7.448883  ])"
596,596,"array([2.84837974, 7.430136  ])"
597,597,"array([2.86471789, 7.29439854])"
598,598,"array([2.91610929, 7.54372125])"
599,599,"array([3.01720285, 7.51438114])"
600,600,"array([3.04238014, 7.39705293])"
601,601,"array([2.90457494, 8.07755651])"
602,602,"array([2.95541282, 7.94480165])"
603,603,"array([3.01388613, 7.7815253 ])"
604,604,"array([2.85772563, 8.01656642])"
605,605,"array([2.9089469 , 7.93744858])"
606,606,"array([2.76493066, 7.92328923])"
607,607,"array([2.69884516, 7.79680439])"
608,608,"array([2.75865302, 7.72795126])"
609,609,"array([2.62674554, 7.6849221 ])"
610,610,"array([2.57845186, 7.55155411])"
611,611,"array([2.6434128 , 7.49280274])"
612,612,"array([2.52916872, 7.42985278])"
613,613,"array([2.4987925 , 7.29465295])"
614,614,"array([2.56067083, 7.24313628])"
615,615,"array([2.59174036, 7.45383635])"
616,616,"array([2.65339561, 7.58714484])"
617,617,"array([2.68011933, 7.72004728])"
618,618,"array([2.75625847, 7.84639638])"
619,619,"array([2.80878076, 7.96975308])"
620,620,"array([2.75618351, 7.58287046])"
621,621,"array([2.82742817, 7.70697111])"
622,622,"array([2.84968415, 7.84628824])"
623,623,"array([2.92303278, 7.67933489])"
624,624,"array([2.68417682, 7.0522285 ])"
625,625,"array([2.81691923, 7.17327099])"
626,626,"array([2.97783143, 7.2878536 ])"
627,627,"array([3.1949037 , 6.73193345])"
628,628,"array([3.16311793, 6.95687024])"
629,629,"array([3.14461084, 7.17726166])"
630,630,"array([3.14393341, 6.49867904])"
631,631,"array([3.15210141, 6.37909804])"
632,632,"array([3.05704503, 6.59072664])"
633,633,"array([2.95010666, 6.56352693])"
634,634,"array([2.95924528, 6.43807213])"
635,635,"array([2.87136871, 6.66923745])"
636,636,"array([2.76512327, 6.65811497])"
637,637,"array([2.77140094, 6.52410444])"
638,638,"array([2.70033256, 6.77969413])"
639,639,"array([2.59991615, 6.76954028])"
640,640,"array([2.60651453, 6.64055613])"
641,641,"array([2.72425372, 6.91655218])"
642,642,"array([2.82461397, 6.91178599])"
643,643,"array([2.88999005, 6.79708464])"
644,644,"array([3.00361358, 6.81504604])"
645,645,"array([3.07601996, 6.71391616])"
646,646,"array([2.86511343, 7.04240589])"
647,647,"array([2.977651  , 7.04830278])"
648,648,"array([3.043195  , 6.93492441])"
649,649,"array([3.02603723, 7.17215826])"
650,650,"array([2.67598658, 6.51769472])"
651,651,"array([2.85925172, 6.41336955])"
652,652,"array([3.05321647, 6.343945  ])"
653,653,"array([3.19307294, 5.89209778])"
654,654,"array([3.17048929, 5.98670574])"
655,655,"array([3.20238056, 6.14840294])"
656,656,"array([3.20296496, 6.01930007])"
657,657,"array([3.23088111, 6.11250397])"
658,658,"array([3.0809707, 6.0550281])"
659,659,"array([2.97401985, 6.16057055])"
660,660,"array([3.01177337, 6.26540867])"
661,661,"array([2.86206161, 6.23511848])"
662,662,"array([2.78132642, 6.36137795])"
663,663,"array([2.81868606, 6.45908254])"
664,664,"array([2.68527805, 6.4511923 ])"
665,665,"array([2.6197706 , 6.57828231])"
666,666,"array([2.66151659, 6.67131822])"
667,667,"array([2.71676616, 6.39224017])"
668,668,"array([2.80248683, 6.27631769])"
669,669,"array([2.87338766, 6.16484466])"
670,670,"array([2.97426067, 6.06187385])"
671,671,"array([3.07625231, 5.97580556])"
672,672,"array([2.89286534, 6.29043865])"
673,673,"array([2.99579434, 6.19585045])"
674,674,"array([3.04946787, 6.07748804])"
675,675,"array([3.08672855, 6.22319638])"
676,676,"array([2.76102287, 6.59458747])"
677,677,"array([2.934149  , 6.39056189])"
678,678,"array([3.14269095, 6.22213449])"
679,679,"array([3.30963488, 6.74017647])"
680,680,"array([3.31272456, 6.51683128])"
681,681,"array([3.32416229, 6.29405133])"
682,682,"array([3.21732264, 7.00599537])"
683,683,"array([3.19764685, 7.14115562])"
684,684,"array([3.13598096, 6.91240069])"
685,685,"array([3.02576643, 6.97935671])"
686,686,"array([3.00396535, 7.11622259])"
687,687,"array([2.9539431 , 6.87873967])"
688,688,"array([2.84942342, 6.94639587])"
689,689,"array([2.77617209, 6.83862911])"
690,690,"array([2.81898153, 7.0831273 ])"
691,691,"array([2.66925874, 6.90126706])"
692,692,"array([2.64168063, 7.03504657])"
693,693,"array([2.81679217, 6.69949821])"
694,694,"array([2.93237154, 6.63503526])"
695,695,"array([2.99661585, 6.73767011])"
696,696,"array([3.11906438, 6.68184865])"
697,697,"array([3.1840918, 6.7857618])"
698,698,"array([2.98994493, 6.4976961 ])"
699,699,"array([3.11380249, 6.448528  ])"
700,700,"array([3.17958908, 6.55457195])"
701,701,"array([3.19045784, 6.32504274])"
702,702,"array([2.71732157, 7.13698106])"
703,703,"array([2.90266378, 7.18297912])"
704,704,"array([3.0926573 , 7.20835157])"
705,705,"array([3.07181836, 7.82438593])"
706,706,"array([3.13737125, 7.63362332])"
707,707,"array([3.20716401, 7.42430005])"
708,708,"array([2.86595189, 7.8060573 ])"
709,709,"array([2.71896937, 7.59641099])"
710,710,"array([2.62973273, 7.35342195])"
711,711,"array([2.71756525, 7.28025105])"
712,712,"array([2.79985779, 7.38350339])"
713,713,"array([2.81225578, 7.52719942])"
714,714,"array([2.91595667, 7.61658562])"
715,715,"array([2.95262029, 7.74847054])"
716,716,"array([2.90208063, 7.32762025])"
717,717,"array([2.99386797, 7.4199011 ])"
718,718,"array([3.01764752, 7.5605563 ])"
719,719,"array([3.09636282, 7.34563183])"
